word1,safety,volvo
bmw,2.9792305073203953,3.9936408948827635
safety,0.0,14.880952380952385
volvo,14.880952380952385,0.0
